INSERT INTO Warehouse (id, address) VALUES (16, '051 Ellis Oval\nPort Nannie, KY 64002-6279');
INSERT INTO Warehouse (id, address) VALUES (39, '196 Enrique Flats\nBrekketon, AR 49386-8509');
INSERT INTO Warehouse (id, address) VALUES (57, '1853 Bartoletti Stream\nCarolinehaven, SD 68808-8951');
INSERT INTO Warehouse (id, address) VALUES (61, '983 Angus Ports Suite 006\nLake Erika, CA 00244-3282');
INSERT INTO Warehouse (id, address) VALUES (109, '227 Haleigh Flats\nWest Cordeliaborough, FL 70731-1662');
INSERT INTO Warehouse (id, address) VALUES (126, '219 Marquardt Squares\nNorth Philip, FL 92151-8103');
INSERT INTO Warehouse (id, address) VALUES (129, '38651 Dicki Mills\nMerrittview, NH 11271-4555');
INSERT INTO Warehouse (id, address) VALUES (135, '8232 Langworth Inlet\nWindlerton, FL 27749-7839');
INSERT INTO Warehouse (id, address) VALUES (147, '142 Baumbach Vista\nNorth Suzanne, VA 71733-8814');
INSERT INTO Warehouse (id, address) VALUES (171, '224 Leslie Union Apt. 672\nNew Skyeburgh, MO 75670-3594');
INSERT INTO Warehouse (id, address) VALUES (179, '4422 Drew Track Suite 738\nSouth Camillestad, KS 03227-9612');
INSERT INTO Warehouse (id, address) VALUES (204, '748 Ullrich Cliffs Apt. 217\nSouth Esperanza, MI 25294');
INSERT INTO Warehouse (id, address) VALUES (312, '365 Joyce Grove\nPort Nadia, WY 41912');
INSERT INTO Warehouse (id, address) VALUES (333, '914 Jacinto Course Suite 332\nMillerfort, OR 66242');
INSERT INTO Warehouse (id, address) VALUES (342, '09059 Quigley Wall\nStoltenbergchester, TN 32540-8993');
INSERT INTO Warehouse (id, address) VALUES (373, '5591 Padberg Trafficway\nEast Noemi, NM 95864-8696');
INSERT INTO Warehouse (id, address) VALUES (378, '728 Rice Ports\nSouth Meredithton, MI 62287-7557');
INSERT INTO Warehouse (id, address) VALUES (419, '503 Flatley Locks Suite 050\nXzavierberg, SD 32880');
INSERT INTO Warehouse (id, address) VALUES (423, '59113 Bernice Flats\nSchulistchester, IN 42805');
INSERT INTO Warehouse (id, address) VALUES (457, '649 Weber Locks Suite 684\nLake Adolphusside, CT 99043-5301');


INSERT INTO Pharmacy (id, address, number) VALUES (4, '00911 Bechtelar Meadow Apt. 796\nNaderport, MT 27261', 23);
INSERT INTO Pharmacy (id, address, number) VALUES (15, '09555 Eladio Walks Apt. 327\nLake Auroreberg, TX 03135-4451', 7);
INSERT INTO Pharmacy (id, address, number) VALUES (17, '220 Cathy Pines\nSouth Marcusside, WV 38849', 76);
INSERT INTO Pharmacy (id, address, number) VALUES (10, '238 Green Lodge Suite 735\nSouth Brendanton, MI 58150', 9);
INSERT INTO Pharmacy (id, address, number) VALUES (6, '262 Brandy Highway Apt. 135\nNew Michaelview, OR 15718-5171', 24);
INSERT INTO Pharmacy (id, address, number) VALUES (18, '319 Crooks Inlet Suite 386\nNorth Zoiemouth, HI 79668', 90);
INSERT INTO Pharmacy (id, address, number) VALUES (9, '32761 Claire Track\nAngelohaven, CA 41421', 10);
INSERT INTO Pharmacy (id, address, number) VALUES (2, '383 Angie Place Apt. 392\nNorth Angela, UT 85953', 20);
INSERT INTO Pharmacy (id, address, number) VALUES (1, '454 Ericka Mews Apt. 871\nNoeton, HI 42157', 27);
INSERT INTO Pharmacy (id, address, number) VALUES (16, '479 Cummings Plain\nBrandyberg, MS 41596', 83);
INSERT INTO Pharmacy (id, address, number) VALUES (8, '5681 Yolanda Mission Suite 346\nNorth Rockystad, NJ 66343-2791', 63);
INSERT INTO Pharmacy (id, address, number) VALUES (11, '5986 Annabell Spurs\nCarolside, MO 98298-0452', 50);
INSERT INTO Pharmacy (id, address, number) VALUES (5, '61016 Elfrieda Landing\nSouth Marina, MI 71148-2684', 71);
INSERT INTO Pharmacy (id, address, number) VALUES (14, '66358 Newton Trail\nAlexiemouth, ID 59588', 69);
INSERT INTO Pharmacy (id, address, number) VALUES (12, '72953 Brekke Ridge\nNorth Bernardo, HI 75219', 34);
INSERT INTO Pharmacy (id, address, number) VALUES (3, '76145 Bosco Brook Suite 894\nVolkmanstad, OR 53078-3144', 18);
INSERT INTO Pharmacy (id, address, number) VALUES (13, '797 Durgan Rapids Suite 268\nNorth Heloisemouth, WA 19248-9011', 61);
INSERT INTO Pharmacy (id, address, number) VALUES (7, '8391 Arielle Forest\nAbshirefurt, MS 73855', 82);
INSERT INTO Pharmacy (id, address, number) VALUES (19, '87609 Harris Dale Suite 490\nNorth Angusbury, MA 02984', 5);
INSERT INTO Pharmacy (id, address, number) VALUES (20, '98728 Bruen Pike\nWest Camilleport, VA 79642-6232', 6);


INSERT INTO Laboratory (id, name, chief_last_name) VALUES (1, 'Assumenda adipisci qui.', 'Frami');
INSERT INTO Laboratory (id, name, chief_last_name) VALUES (2, 'Esse dolores.', 'Kertzmann');
INSERT INTO Laboratory (id, name, chief_last_name) VALUES (3, 'Voluptatem nemo.', 'Quitzon');
INSERT INTO Laboratory (id, name, chief_last_name) VALUES (4, 'Delectus ipsa.', 'Quigley');
INSERT INTO Laboratory (id, name, chief_last_name) VALUES (5, 'Qui aut mollitia.', 'Lakin');
INSERT INTO Laboratory (id, name, chief_last_name) VALUES (6, 'Quaerat ipsum repudiandae.', 'Boyle');
INSERT INTO Laboratory (id, name, chief_last_name) VALUES (7, 'Deserunt similique eaque.', 'Willms');
INSERT INTO Laboratory (id, name, chief_last_name) VALUES (8, 'Nisi saepe quam.', 'Cassin');
INSERT INTO Laboratory (id, name, chief_last_name) VALUES (9, 'Quod non.', 'Shanahan');
INSERT INTO Laboratory (id, name, chief_last_name) VALUES (10, 'Dolor porro rerum.', 'Robel');
INSERT INTO Laboratory (id, name, chief_last_name) VALUES (11, 'Non quis odio.', 'Welch');
INSERT INTO Laboratory (id, name, chief_last_name) VALUES (12, 'Ut temporibus.', 'Hessel');
INSERT INTO Laboratory (id, name, chief_last_name) VALUES (13, 'Quam nostrum.', 'Corkery');
INSERT INTO Laboratory (id, name, chief_last_name) VALUES (14, 'Nemo et dolorum.', 'Nitzsche');
INSERT INTO Laboratory (id, name, chief_last_name) VALUES (15, 'Sit ad.', 'West');
INSERT INTO Laboratory (id, name, chief_last_name) VALUES (16, 'Autem veniam.', 'Adams');
INSERT INTO Laboratory (id, name, chief_last_name) VALUES (17, 'Voluptatibus sint corrupti.', 'Hickle');
INSERT INTO Laboratory (id, name, chief_last_name) VALUES (18, 'Corporis maxime qui.', 'Daugherty');
INSERT INTO Laboratory (id, name, chief_last_name) VALUES (19, 'Ratione ipsum nihil.', 'Bayer');
INSERT INTO Laboratory (id, name, chief_last_name) VALUES (20, 'Iste dolorem.', 'Morissette');


INSERT INTO Ingredient (id, name, formula) VALUES (1, 'esse', 'Rerum delectus magnam explicabo quam.');
INSERT INTO Ingredient (id, name, formula) VALUES (2, 'omnis', 'Consequatur tempora fugiat porro.');
INSERT INTO Ingredient (id, name, formula) VALUES (3, 'voluptatem', 'Incidunt exercitationem architecto.');
INSERT INTO Ingredient (id, name, formula) VALUES (4, 'aut', 'Rerum consequatur sit dolor est.');
INSERT INTO Ingredient (id, name, formula) VALUES (5, 'consequatur', 'Nemo quo animi eum.');
INSERT INTO Ingredient (id, name, formula) VALUES (6, 'officia', 'Incidunt eos a quas facere in.');
INSERT INTO Ingredient (id, name, formula) VALUES (7, 'quia', 'Reiciendis aut qui qui est aliquid.');
INSERT INTO Ingredient (id, name, formula) VALUES (8, 'voluptatibus', 'Esse ipsa architecto modi id.');
INSERT INTO Ingredient (id, name, formula) VALUES (9, 'commodi', 'Libero accusamus in illo et.');
INSERT INTO Ingredient (id, name, formula) VALUES (10, 'qui', 'Perspiciatis a et nihil rerum.');
INSERT INTO Ingredient (id, name, formula) VALUES (11, 'recusandae', 'Expedita amet itaque quaerat cumque nemo.');
INSERT INTO Ingredient (id, name, formula) VALUES (12, 'veritatis', 'Ut rerum accusantium.');
INSERT INTO Ingredient (id, name, formula) VALUES (13, 'dolor', 'Sequi natus sunt est.');
INSERT INTO Ingredient (id, name, formula) VALUES (14, 'sapiente', 'Voluptatum eligendi aut dignissimos consequatur dolorem.');
INSERT INTO Ingredient (id, name, formula) VALUES (15, 'fugiat', 'Quas nihil explicabo sit eius.');
INSERT INTO Ingredient (id, name, formula) VALUES (16, 'doloribus', 'Sit quaerat voluptatem suscipit.');
INSERT INTO Ingredient (id, name, formula) VALUES (17, 'illo', 'Harum voluptatum repellat pariatur.');
INSERT INTO Ingredient (id, name, formula) VALUES (18, 'maiores', 'Mollitia magnam molestias autem odit consequatur.');
INSERT INTO Ingredient (id, name, formula) VALUES (19, 'officiis', 'Vitae quo dolorem voluptas sunt molestiae.');
INSERT INTO Ingredient (id, name, formula) VALUES (20, 'asperiores', 'Quaerat velit aspernatur.');


INSERT INTO DrugType (id, type) VALUES (13, 'Accusantium vel nam.');
INSERT INTO DrugType (id, type) VALUES (9, 'Aspernatur vitae maiores.');
INSERT INTO DrugType (id, type) VALUES (15, 'Dignissimos eos perferendis atque corporis.');
INSERT INTO DrugType (id, type) VALUES (7, 'Distinctio iure accusamus velit.');
INSERT INTO DrugType (id, type) VALUES (19, 'Ea est blanditiis aliquid.');
INSERT INTO DrugType (id, type) VALUES (16, 'Et vel tempora.');
INSERT INTO DrugType (id, type) VALUES (6, 'Harum qui necessitatibus.');
INSERT INTO DrugType (id, type) VALUES (11, 'Iusto quam.');
INSERT INTO DrugType (id, type) VALUES (1, 'Molestiae ut facere velit.');
INSERT INTO DrugType (id, type) VALUES (20, 'Nulla voluptatem.');
INSERT INTO DrugType (id, type) VALUES (2, 'Qui eaque libero ut.');
INSERT INTO DrugType (id, type) VALUES (5, 'Quia dolores aut.');
INSERT INTO DrugType (id, type) VALUES (14, 'Quo eum est dolore.');
INSERT INTO DrugType (id, type) VALUES (8, 'Sequi sit sapiente occaecati.');
INSERT INTO DrugType (id, type) VALUES (3, 'Sint aspernatur reiciendis.');
INSERT INTO DrugType (id, type) VALUES (18, 'Tempore et eligendi saepe.');
INSERT INTO DrugType (id, type) VALUES (17, 'Ut inventore et rerum.');
INSERT INTO DrugType (id, type) VALUES (10, 'Vel eaque rerum labore.');
INSERT INTO DrugType (id, type) VALUES (4, 'Voluptas qui qui.');
INSERT INTO DrugType (id, type) VALUES (12, 'Voluptas sit consectetur sed quae.');


INSERT INTO Certificate (id, expiry_date, laboratory_id) VALUES (1, '2008-09-24', 10);
INSERT INTO Certificate (id, expiry_date, laboratory_id) VALUES (2, '2011-06-01', 7);
INSERT INTO Certificate (id, expiry_date, laboratory_id) VALUES (3, '1983-07-08', 2);
INSERT INTO Certificate (id, expiry_date, laboratory_id) VALUES (4, '1973-01-12', 11);
INSERT INTO Certificate (id, expiry_date, laboratory_id) VALUES (5, '1981-09-25', 17);
INSERT INTO Certificate (id, expiry_date, laboratory_id) VALUES (6, '1972-08-26', 1);
INSERT INTO Certificate (id, expiry_date, laboratory_id) VALUES (7, '1994-08-11', 12);
INSERT INTO Certificate (id, expiry_date, laboratory_id) VALUES (8, '2005-05-14', 18);
INSERT INTO Certificate (id, expiry_date, laboratory_id) VALUES (9, '1996-09-12', 1);
INSERT INTO Certificate (id, expiry_date, laboratory_id) VALUES (10, '1974-05-07', 8);
INSERT INTO Certificate (id, expiry_date, laboratory_id) VALUES (11, '2011-08-21', 15);
INSERT INTO Certificate (id, expiry_date, laboratory_id) VALUES (12, '1990-03-04', 19);
INSERT INTO Certificate (id, expiry_date, laboratory_id) VALUES (13, '1990-09-15', 6);
INSERT INTO Certificate (id, expiry_date, laboratory_id) VALUES (14, '1977-05-27', 20);
INSERT INTO Certificate (id, expiry_date, laboratory_id) VALUES (15, '1978-09-05', 16);
INSERT INTO Certificate (id, expiry_date, laboratory_id) VALUES (16, '2007-08-28', 16);
INSERT INTO Certificate (id, expiry_date, laboratory_id) VALUES (17, '1980-12-22', 1);
INSERT INTO Certificate (id, expiry_date, laboratory_id) VALUES (18, '1994-03-29', 20);
INSERT INTO Certificate (id, expiry_date, laboratory_id) VALUES (19, '1979-08-31', 7);
INSERT INTO Certificate (id, expiry_date, laboratory_id) VALUES (20, '1987-01-30', 4);


INSERT INTO Drug (id, trade_name, international_name, type_id, producer, ingredient_id, certificate_id) VALUES (1, 'necessitatibus', 'voluptatibus', 13, 'Ut qui.', 17, 6);
INSERT INTO Drug (id, trade_name, international_name, type_id, producer, ingredient_id, certificate_id) VALUES (2, 'nihil', 'placeat', 8, 'Quod saepe consequatur.', 11, 3);
INSERT INTO Drug (id, trade_name, international_name, type_id, producer, ingredient_id, certificate_id) VALUES (3, 'voluptas', 'quia', 1, 'Quidem quas vel.', 9, 18);
INSERT INTO Drug (id, trade_name, international_name, type_id, producer, ingredient_id, certificate_id) VALUES (4, 'autem', 'sapiente', 20, 'Voluptate suscipit a.', 18, 9);
INSERT INTO Drug (id, trade_name, international_name, type_id, producer, ingredient_id, certificate_id) VALUES (8, 'provident', 'sint', 17, 'Et debitis.', 9, 2);
INSERT INTO Drug (id, trade_name, international_name, type_id, producer, ingredient_id, certificate_id) VALUES (9, 'dolor', 'tenetur', 3, 'Consequuntur quia et.', 12, 15);
INSERT INTO Drug (id, trade_name, international_name, type_id, producer, ingredient_id, certificate_id) VALUES (12, 'laborum', 'ut', 2, 'Alias occaecati at.', 13, 14);
INSERT INTO Drug (id, trade_name, international_name, type_id, producer, ingredient_id, certificate_id) VALUES (14, 'illo', 'repudiandae', 3, 'Rem eius.', 12, 19);
INSERT INTO Drug (id, trade_name, international_name, type_id, producer, ingredient_id, certificate_id) VALUES (15, 'saepe', 'quis', 12, 'Sapiente quam.', 18, 8);
INSERT INTO Drug (id, trade_name, international_name, type_id, producer, ingredient_id, certificate_id) VALUES (16, 'eos', 'doloribus', 9, 'Reiciendis ut.', 10, 12);
INSERT INTO Drug (id, trade_name, international_name, type_id, producer, ingredient_id, certificate_id) VALUES (17, 'recusandae', 'ipsa', 17, 'Quam porro.', 20, 10);
INSERT INTO Drug (id, trade_name, international_name, type_id, producer, ingredient_id, certificate_id) VALUES (19, 'similique', 'laboriosam', 2, 'Incidunt repudiandae nisi.', 18, 11);


INSERT INTO Distributor (id, address, bank_account, first_name, last_name, phone_number) VALUES (1, '548 Maria Squares Suite 938\nNorth Dayana, LA 23079-6246', '5558307806411581', 'Maureen', 'Carroll', '01978108367');
INSERT INTO Distributor (id, address, bank_account, first_name, last_name, phone_number) VALUES (2, '30500 Deckow Tunnel\nWalkertown, DC 25046', '5512300477902172', 'Linwood', 'Jakubowski', '113.393.6989x38422');
INSERT INTO Distributor (id, address, bank_account, first_name, last_name, phone_number) VALUES (3, '66992 Conner Island\nNorth Jace, UT 83947', '5481968208198444', 'Ola', 'Hoppe', '233-918-9159x2455');
INSERT INTO Distributor (id, address, bank_account, first_name, last_name, phone_number) VALUES (4, '435 Willy Hills\nNaderberg, HI 70448-9428', '6011886603551078', 'Estell', 'OReilly', '+92(4)2366242047');
INSERT INTO Distributor (id, address, bank_account, first_name, last_name, phone_number) VALUES (5, '7405 Gleason Manors\nWest Jessiemouth, VT 07490', '4929050222612', 'Clotilde', 'Kutch', '911-652-1040x839');
INSERT INTO Distributor (id, address, bank_account, first_name, last_name, phone_number) VALUES (6, '674 Lesley Ridges\nReichelfurt, AZ 91086', '5116167974204762', 'Brain', 'Daniel', '07690852369');
INSERT INTO Distributor (id, address, bank_account, first_name, last_name, phone_number) VALUES (7, '98674 Corine Park\nPort Magnusshire, MO 04759', '5381117327628349', 'Gerhard', 'Kohler', '495.065.3787');
INSERT INTO Distributor (id, address, bank_account, first_name, last_name, phone_number) VALUES (8, '6734 Jacobi Stream\nWest Wellington, OH 09457', '346393248141176', 'Keeley', 'Senger', '495-598-1085');
INSERT INTO Distributor (id, address, bank_account, first_name, last_name, phone_number) VALUES (9, '38828 Jacobs River\nRosaleeport, MT 17114-1632', '375708868572585', 'Aracely', 'Homenick', '(933)171-5104x43375');
INSERT INTO Distributor (id, address, bank_account, first_name, last_name, phone_number) VALUES (10, '701 Jacey Club Suite 646\nBarryton, SD 63818', '4485170995771', 'Jeff', 'Hettinger', '(287)712-2206x663');
INSERT INTO Distributor (id, address, bank_account, first_name, last_name, phone_number) VALUES (11, '80518 Anais Stream Apt. 296\nEverardofurt, WY 98340-7594', '4485965273265', 'Karlee', 'Schinner', '279.562.1223x27924');
INSERT INTO Distributor (id, address, bank_account, first_name, last_name, phone_number) VALUES (12, '6570 Stewart Ranch Apt. 084\nNienowberg, VA 69735-4652', '4716748559014', 'Aracely', 'Ratke', '467-312-6259x740');
INSERT INTO Distributor (id, address, bank_account, first_name, last_name, phone_number) VALUES (13, '6809 Schaden Bridge\nNorth Freddie, WV 36664-8325', '5566764547196040', 'Corrine', 'Marvin', '+41(6)2992544893');
INSERT INTO Distributor (id, address, bank_account, first_name, last_name, phone_number) VALUES (14, '18765 Orie Rue Suite 451\nHandburgh, MO 74450-3843', '5373417783256631', 'Tia', 'Monahan', '538.760.3644x3566');
INSERT INTO Distributor (id, address, bank_account, first_name, last_name, phone_number) VALUES (15, '9887 Stoltenberg Bypass\nEast Paytonburgh, WA 03952', '4485519956550145', 'Janessa', 'Corkery', '358.103.3682x4734');
INSERT INTO Distributor (id, address, bank_account, first_name, last_name, phone_number) VALUES (16, '986 Mayer Common\nCarterfort, UT 12306', '348686095938914', 'Jessyca', 'Grant', '204-437-7270');
INSERT INTO Distributor (id, address, bank_account, first_name, last_name, phone_number) VALUES (17, '62986 Marcelle Forks\nBeattyborough, CT 89672', '4556582086867', 'Koby', 'Sipes', '392-854-5833x58738');
INSERT INTO Distributor (id, address, bank_account, first_name, last_name, phone_number) VALUES (18, '34467 Amie Union\nNew Shaina, CO 39264', '5312919555335506', 'Meagan', 'Schroeder', '274-232-2239');
INSERT INTO Distributor (id, address, bank_account, first_name, last_name, phone_number) VALUES (19, '8286 Edythe Meadows Suite 237\nJermainehaven, DC 50301', '5290850017500022', 'Odie', 'Kuhic', '474-049-6486');
INSERT INTO Distributor (id, address, bank_account, first_name, last_name, phone_number) VALUES (20, '7883 Verona Lights Apt. 751\nNew Chad, TX 01239', '4556077196584608', 'Kim', 'Beer', '07470360086');


INSERT INTO Delivery (id, distributor_id, destination_id, delivery_date, receiver_last_name) VALUES (1, 19, 109, '1995-09-14 18:20:05', 'Rau');
INSERT INTO Delivery (id, distributor_id, destination_id, delivery_date, receiver_last_name) VALUES (2, 10, 457, '1997-09-06 19:44:10', 'Bechtelar');
INSERT INTO Delivery (id, distributor_id, destination_id, delivery_date, receiver_last_name) VALUES (3, 7, 419, '1996-09-24 17:42:14', 'Frami');
INSERT INTO Delivery (id, distributor_id, destination_id, delivery_date, receiver_last_name) VALUES (4, 7, 61, '1979-08-05 18:25:30', 'Greenholt');
INSERT INTO Delivery (id, distributor_id, destination_id, delivery_date, receiver_last_name) VALUES (5, 17, 109, '1990-03-20 18:26:56', 'Will');
INSERT INTO Delivery (id, distributor_id, destination_id, delivery_date, receiver_last_name) VALUES (6, 15, 57, '1989-03-06 10:42:35', 'Kulas');
INSERT INTO Delivery (id, distributor_id, destination_id, delivery_date, receiver_last_name) VALUES (7, 7, 126, '1999-11-24 16:12:27', 'Kiehn');
INSERT INTO Delivery (id, distributor_id, destination_id, delivery_date, receiver_last_name) VALUES (8, 9, 312, '1984-06-11 07:21:55', 'Windler');
INSERT INTO Delivery (id, distributor_id, destination_id, delivery_date, receiver_last_name) VALUES (9, 18, 16, '1987-10-15 00:46:33', 'Sawayn');
INSERT INTO Delivery (id, distributor_id, destination_id, delivery_date, receiver_last_name) VALUES (10, 17, 342, '1991-10-11 15:04:46', 'Schinner');
INSERT INTO Delivery (id, distributor_id, destination_id, delivery_date, receiver_last_name) VALUES (11, 15, 342, '1982-11-17 21:27:21', 'Kiehn');
INSERT INTO Delivery (id, distributor_id, destination_id, delivery_date, receiver_last_name) VALUES (12, 12, 312, '1977-12-15 09:37:55', 'Hand');
INSERT INTO Delivery (id, distributor_id, destination_id, delivery_date, receiver_last_name) VALUES (13, 8, 147, '1975-06-17 12:40:18', 'Lindgren');
INSERT INTO Delivery (id, distributor_id, destination_id, delivery_date, receiver_last_name) VALUES (14, 3, 312, '2006-11-28 05:02:49', 'Pouros');
INSERT INTO Delivery (id, distributor_id, destination_id, delivery_date, receiver_last_name) VALUES (15, 11, 179, '2000-05-31 12:21:39', 'DuBuque');
INSERT INTO Delivery (id, distributor_id, destination_id, delivery_date, receiver_last_name) VALUES (16, 6, 147, '1991-05-03 11:10:23', 'Kozey');
INSERT INTO Delivery (id, distributor_id, destination_id, delivery_date, receiver_last_name) VALUES (17, 15, 342, '1973-03-15 19:32:29', 'Wehner');
INSERT INTO Delivery (id, distributor_id, destination_id, delivery_date, receiver_last_name) VALUES (18, 8, 39, '1994-08-16 04:54:51', 'Turner');
INSERT INTO Delivery (id, distributor_id, destination_id, delivery_date, receiver_last_name) VALUES (19, 12, 342, '2009-10-03 00:20:39', 'Erdman');
INSERT INTO Delivery (id, distributor_id, destination_id, delivery_date, receiver_last_name) VALUES (20, 5, 147, '1979-01-18 16:42:49', 'Bauch');


INSERT INTO DeliveryPart (id, delivery_id, drug_id, travel_package_count, travel_package_weight, sale_package_count, sale_package_price) VALUES (1, 14, 2, 100, 457, 720, 730250);
INSERT INTO DeliveryPart (id, delivery_id, drug_id, travel_package_count, travel_package_weight, sale_package_count, sale_package_price) VALUES (2, 1, 14, 46, 647, 129, 655103);
INSERT INTO DeliveryPart (id, delivery_id, drug_id, travel_package_count, travel_package_weight, sale_package_count, sale_package_price) VALUES (3, 13, 12, 42, 781, 326, 179251);
INSERT INTO DeliveryPart (id, delivery_id, drug_id, travel_package_count, travel_package_weight, sale_package_count, sale_package_price) VALUES (4, 4, 2, 11, 963, 916, 840431);
INSERT INTO DeliveryPart (id, delivery_id, drug_id, travel_package_count, travel_package_weight, sale_package_count, sale_package_price) VALUES (5, 10, 15, 92, 227, 332, 503077);
INSERT INTO DeliveryPart (id, delivery_id, drug_id, travel_package_count, travel_package_weight, sale_package_count, sale_package_price) VALUES (6, 1, 9, 58, 621, 863, 961498);
INSERT INTO DeliveryPart (id, delivery_id, drug_id, travel_package_count, travel_package_weight, sale_package_count, sale_package_price) VALUES (7, 5, 12, 42, 665, 863, 510926);
INSERT INTO DeliveryPart (id, delivery_id, drug_id, travel_package_count, travel_package_weight, sale_package_count, sale_package_price) VALUES (8, 2, 19, 32, 350, 362, 429093);
INSERT INTO DeliveryPart (id, delivery_id, drug_id, travel_package_count, travel_package_weight, sale_package_count, sale_package_price) VALUES (9, 20, 8, 17, 544, 532, 669519);
INSERT INTO DeliveryPart (id, delivery_id, drug_id, travel_package_count, travel_package_weight, sale_package_count, sale_package_price) VALUES (10, 3, 15, 52, 878, 912, 864186);
INSERT INTO DeliveryPart (id, delivery_id, drug_id, travel_package_count, travel_package_weight, sale_package_count, sale_package_price) VALUES (11, 3, 9, 13, 842, 286, 828509);
INSERT INTO DeliveryPart (id, delivery_id, drug_id, travel_package_count, travel_package_weight, sale_package_count, sale_package_price) VALUES (12, 11, 17, 52, 543, 279, 302134);
INSERT INTO DeliveryPart (id, delivery_id, drug_id, travel_package_count, travel_package_weight, sale_package_count, sale_package_price) VALUES (13, 4, 8, 5, 281, 435, 696121);
INSERT INTO DeliveryPart (id, delivery_id, drug_id, travel_package_count, travel_package_weight, sale_package_count, sale_package_price) VALUES (14, 14, 3, 78, 989, 989, 667679);
INSERT INTO DeliveryPart (id, delivery_id, drug_id, travel_package_count, travel_package_weight, sale_package_count, sale_package_price) VALUES (15, 20, 4, 87, 20, 128, 294434);
INSERT INTO DeliveryPart (id, delivery_id, drug_id, travel_package_count, travel_package_weight, sale_package_count, sale_package_price) VALUES (16, 7, 12, 62, 727, 239, 378003);
INSERT INTO DeliveryPart (id, delivery_id, drug_id, travel_package_count, travel_package_weight, sale_package_count, sale_package_price) VALUES (17, 11, 4, 68, 939, 819, 630602);
INSERT INTO DeliveryPart (id, delivery_id, drug_id, travel_package_count, travel_package_weight, sale_package_count, sale_package_price) VALUES (18, 13, 2, 96, 16, 144, 970241);
INSERT INTO DeliveryPart (id, delivery_id, drug_id, travel_package_count, travel_package_weight, sale_package_count, sale_package_price) VALUES (19, 3, 9, 100, 649, 297, 303586);
INSERT INTO DeliveryPart (id, delivery_id, drug_id, travel_package_count, travel_package_weight, sale_package_count, sale_package_price) VALUES (20, 5, 16, 66, 294, 850, 933117);


INSERT INTO Car (id, number, last_maintenance_date) VALUES (1, 'u294iv', '2002-09-17 00:00:00');
INSERT INTO Car (id, number, last_maintenance_date) VALUES (2, 'n999xs', '1973-09-14 00:00:00');
INSERT INTO Car (id, number, last_maintenance_date) VALUES (3, 'e108np', '2002-11-14 00:00:00');
INSERT INTO Car (id, number, last_maintenance_date) VALUES (4, 'l823ms', '2009-11-16 00:00:00');
INSERT INTO Car (id, number, last_maintenance_date) VALUES (5, 'f680qj', '1999-04-28 00:00:00');
INSERT INTO Car (id, number, last_maintenance_date) VALUES (6, 'y330qc', '2013-10-21 00:00:00');
INSERT INTO Car (id, number, last_maintenance_date) VALUES (7, 'b675hz', '2016-06-22 00:00:00');
INSERT INTO Car (id, number, last_maintenance_date) VALUES (8, 'e926vu', '2014-09-03 00:00:00');
INSERT INTO Car (id, number, last_maintenance_date) VALUES (9, 'c386rv', '2007-09-24 00:00:00');
INSERT INTO Car (id, number, last_maintenance_date) VALUES (10, 'q041qc', '1977-06-01 00:00:00');
INSERT INTO Car (id, number, last_maintenance_date) VALUES (11, 'z993ve', '1990-10-28 00:00:00');
INSERT INTO Car (id, number, last_maintenance_date) VALUES (12, 'e542fk', '1970-04-29 00:00:00');
INSERT INTO Car (id, number, last_maintenance_date) VALUES (13, 'm120gk', '1989-05-22 00:00:00');
INSERT INTO Car (id, number, last_maintenance_date) VALUES (14, 't950kg', '1971-10-12 00:00:00');
INSERT INTO Car (id, number, last_maintenance_date) VALUES (15, 'p807uf', '2013-07-13 00:00:00');
INSERT INTO Car (id, number, last_maintenance_date) VALUES (16, 'u379fe', '1975-12-11 00:00:00');
INSERT INTO Car (id, number, last_maintenance_date) VALUES (17, 'b808jt', '1995-09-11 00:00:00');
INSERT INTO Car (id, number, last_maintenance_date) VALUES (18, 't782dw', '2005-12-13 00:00:00');
INSERT INTO Car (id, number, last_maintenance_date) VALUES (19, 'k649nr', '1970-06-16 00:00:00');
INSERT INTO Car (id, number, last_maintenance_date) VALUES (20, 'm252rv', '2015-01-15 00:00:00');


INSERT INTO CarAssignment (id, date, car_id, warehouse_id) VALUES (1, '1978-06-27 15:58:18', 10, 61);
INSERT INTO CarAssignment (id, date, car_id, warehouse_id) VALUES (2, '1985-05-23 01:30:55', 7, 147);
INSERT INTO CarAssignment (id, date, car_id, warehouse_id) VALUES (3, '1970-05-06 19:18:23', 12, 378);
INSERT INTO CarAssignment (id, date, car_id, warehouse_id) VALUES (4, '2007-03-11 00:28:16', 16, 16);
INSERT INTO CarAssignment (id, date, car_id, warehouse_id) VALUES (5, '1972-02-10 05:02:34', 9, 16);
INSERT INTO CarAssignment (id, date, car_id, warehouse_id) VALUES (6, '1984-01-11 10:04:10', 19, 312);
INSERT INTO CarAssignment (id, date, car_id, warehouse_id) VALUES (7, '2006-02-18 00:33:34', 8, 312);
INSERT INTO CarAssignment (id, date, car_id, warehouse_id) VALUES (8, '1978-05-20 04:05:44', 19, 16);
INSERT INTO CarAssignment (id, date, car_id, warehouse_id) VALUES (9, '1987-01-05 08:42:53', 12, 171);
INSERT INTO CarAssignment (id, date, car_id, warehouse_id) VALUES (10, '1974-09-29 08:29:20', 11, 57);
INSERT INTO CarAssignment (id, date, car_id, warehouse_id) VALUES (11, '1983-10-05 18:40:20', 8, 179);
INSERT INTO CarAssignment (id, date, car_id, warehouse_id) VALUES (12, '2014-04-19 18:39:59', 9, 39);
INSERT INTO CarAssignment (id, date, car_id, warehouse_id) VALUES (13, '1996-07-08 17:33:54', 1, 61);
INSERT INTO CarAssignment (id, date, car_id, warehouse_id) VALUES (14, '1972-04-23 09:41:13', 9, 378);
INSERT INTO CarAssignment (id, date, car_id, warehouse_id) VALUES (15, '1996-03-19 02:41:45', 20, 147);
INSERT INTO CarAssignment (id, date, car_id, warehouse_id) VALUES (16, '2005-03-28 23:42:00', 11, 171);
INSERT INTO CarAssignment (id, date, car_id, warehouse_id) VALUES (17, '1971-11-21 22:16:21', 12, 419);
INSERT INTO CarAssignment (id, date, car_id, warehouse_id) VALUES (18, '1993-01-03 07:26:38', 19, 61);
INSERT INTO CarAssignment (id, date, car_id, warehouse_id) VALUES (19, '1984-07-21 23:41:06', 14, 333);
INSERT INTO CarAssignment (id, date, car_id, warehouse_id) VALUES (20, '1980-06-30 19:11:12', 4, 57);


INSERT INTO CarAssignmentCargo (id, car_assignment_id, target_pharmacy_id, drug_id, package_count) VALUES (1, 16, 2, 3, 447);
INSERT INTO CarAssignmentCargo (id, car_assignment_id, target_pharmacy_id, drug_id, package_count) VALUES (2, 18, 18, 12, 837);
INSERT INTO CarAssignmentCargo (id, car_assignment_id, target_pharmacy_id, drug_id, package_count) VALUES (3, 13, 20, 2, 876);
INSERT INTO CarAssignmentCargo (id, car_assignment_id, target_pharmacy_id, drug_id, package_count) VALUES (4, 13, 15, 9, 505);
INSERT INTO CarAssignmentCargo (id, car_assignment_id, target_pharmacy_id, drug_id, package_count) VALUES (5, 16, 2, 8, 928);
INSERT INTO CarAssignmentCargo (id, car_assignment_id, target_pharmacy_id, drug_id, package_count) VALUES (6, 20, 5, 19, 127);
INSERT INTO CarAssignmentCargo (id, car_assignment_id, target_pharmacy_id, drug_id, package_count) VALUES (7, 6, 4, 9, 407);
INSERT INTO CarAssignmentCargo (id, car_assignment_id, target_pharmacy_id, drug_id, package_count) VALUES (8, 3, 18, 4, 154);
INSERT INTO CarAssignmentCargo (id, car_assignment_id, target_pharmacy_id, drug_id, package_count) VALUES (9, 17, 17, 14, 111);
INSERT INTO CarAssignmentCargo (id, car_assignment_id, target_pharmacy_id, drug_id, package_count) VALUES (10, 12, 10, 9, 860);
INSERT INTO CarAssignmentCargo (id, car_assignment_id, target_pharmacy_id, drug_id, package_count) VALUES (11, 13, 6, 3, 797);
INSERT INTO CarAssignmentCargo (id, car_assignment_id, target_pharmacy_id, drug_id, package_count) VALUES (12, 11, 4, 9, 832);
INSERT INTO CarAssignmentCargo (id, car_assignment_id, target_pharmacy_id, drug_id, package_count) VALUES (13, 5, 16, 12, 178);
INSERT INTO CarAssignmentCargo (id, car_assignment_id, target_pharmacy_id, drug_id, package_count) VALUES (14, 7, 8, 17, 530);
INSERT INTO CarAssignmentCargo (id, car_assignment_id, target_pharmacy_id, drug_id, package_count) VALUES (15, 3, 4, 17, 750);
INSERT INTO CarAssignmentCargo (id, car_assignment_id, target_pharmacy_id, drug_id, package_count) VALUES (16, 4, 4, 12, 379);
INSERT INTO CarAssignmentCargo (id, car_assignment_id, target_pharmacy_id, drug_id, package_count) VALUES (17, 15, 9, 3, 293);
INSERT INTO CarAssignmentCargo (id, car_assignment_id, target_pharmacy_id, drug_id, package_count) VALUES (18, 11, 12, 12, 35);
INSERT INTO CarAssignmentCargo (id, car_assignment_id, target_pharmacy_id, drug_id, package_count) VALUES (19, 20, 9, 19, 754);
INSERT INTO CarAssignmentCargo (id, car_assignment_id, target_pharmacy_id, drug_id, package_count) VALUES (20, 19, 20, 8, 760);


INSERT INTO DrugSaleInfo (id, drug_id, pharmacy_id, price, amount) VALUES (1, 3, 4, 9363, 77);
INSERT INTO DrugSaleInfo (id, drug_id, pharmacy_id, price, amount) VALUES (2, 2, 19, 9359, 467);
INSERT INTO DrugSaleInfo (id, drug_id, pharmacy_id, price, amount) VALUES (3, 3, 6, 8523, 538);
INSERT INTO DrugSaleInfo (id, drug_id, pharmacy_id, price, amount) VALUES (4, 1, 5, 5502, 751);
INSERT INTO DrugSaleInfo (id, drug_id, pharmacy_id, price, amount) VALUES (5, 4, 6, 5216, 11);
INSERT INTO DrugSaleInfo (id, drug_id, pharmacy_id, price, amount) VALUES (6, 12, 2, 6153, 694);
INSERT INTO DrugSaleInfo (id, drug_id, pharmacy_id, price, amount) VALUES (7, 9, 20, 9697, 256);
INSERT INTO DrugSaleInfo (id, drug_id, pharmacy_id, price, amount) VALUES (8, 15, 17, 6498, 292);
INSERT INTO DrugSaleInfo (id, drug_id, pharmacy_id, price, amount) VALUES (9, 12, 14, 9888, 710);
INSERT INTO DrugSaleInfo (id, drug_id, pharmacy_id, price, amount) VALUES (10, 9, 3, 5928, 573);
INSERT INTO DrugSaleInfo (id, drug_id, pharmacy_id, price, amount) VALUES (11, 19, 19, 8690, 610);
INSERT INTO DrugSaleInfo (id, drug_id, pharmacy_id, price, amount) VALUES (12, 16, 11, 526, 958);
INSERT INTO DrugSaleInfo (id, drug_id, pharmacy_id, price, amount) VALUES (13, 17, 2, 4003, 184);
INSERT INTO DrugSaleInfo (id, drug_id, pharmacy_id, price, amount) VALUES (14, 15, 8, 1973, 629);
INSERT INTO DrugSaleInfo (id, drug_id, pharmacy_id, price, amount) VALUES (15, 9, 5, 9566, 701);
INSERT INTO DrugSaleInfo (id, drug_id, pharmacy_id, price, amount) VALUES (16, 15, 15, 5812, 947);
INSERT INTO DrugSaleInfo (id, drug_id, pharmacy_id, price, amount) VALUES (17, 4, 9, 8228, 44);
INSERT INTO DrugSaleInfo (id, drug_id, pharmacy_id, price, amount) VALUES (18, 16, 6, 3550, 251);
INSERT INTO DrugSaleInfo (id, drug_id, pharmacy_id, price, amount) VALUES (19, 12, 16, 7377, 562);
INSERT INTO DrugSaleInfo (id, drug_id, pharmacy_id, price, amount) VALUES (20, 17, 2, 3589, 264);